<?xml version="1.0" encoding="UTF-8"?>
<root>
	<inner>
		<groupentity path="com.gsww.icmp.entity.single.InnerGroup" id="id" groupcode="groupCode" 
			groupname="groupName" parcode="parCode" allname="allName" nodetype="nodeType"
			orgcode="orgCode" orgtype="orgType" 
			areatype="areaType" areacode="areaCode"
			suffix="suffix" orderid="orderId" />
		<groupservice path="com.gsww.icmp.service.single.InnerGroupService" addmethod="addGroup" 
			modifymethod="modifyGroup"  removemethod="removeGroup"  
			findmethod="findGroup" msg="msg"/>
		<userentity path="com.gsww.icmp.entity.single.InnerUser" id="id" loginname="loginName" loginallname="loginAllName"
			loginpass="loginPass" username="userName" groupid="groupId" groupcode="groupCode"
			groupname="groupName" cardid="cardId" comptel="comptel" compfax="compfax"
			mobile="mobile" email="email" qq="qq" msn="msn" hometel="hometel"
			headShip="headShip" orderid="orderId" />
		<userservice path="com.gsww.icmp.service.single.InnerUserService" addmethod="addUser"
			modifymethod="modifyUser"  removemethod="removeUser" 
			enablemethod="enableUser" disablemethod="disableUser"
			findmethod="findUser" msg="msg"/>
		<app appmark="gszhgl" encrypttype="1" enckey="fK2IVir38v7G" jisurl="http://www.gszwfw.gov.cn/gsjis/"/><!--自动产生-->
	</inner>
	<outer>
		<userentity path="com.gsww.icmp.entity.single.OuterUser" id="id" loginname="loginName" 
			loginpass="loginPass" username="userName" 
			cardid="cardId" comptel="comptel" compfax="compfax"
			mobile="mobile" email="email" qq="qq" msn="msn" hometel="hometel"
			headShip="headShip" />
		<userservice path="com.gsww.icmp.service.single.OuterUserService" addmethod="addUser"
			modifymethod="modifyUser"  removemethod="removeUser" 
			enablemethod="enableUser" disablemethod="disableUser"
			findmethod="findUser" msg="msg"/>
		<app appmark="gszhgl" encrypttype="1" enckey="fK2IVir38v7G" jisurl="http://www.gszwfw.gov.cn/gsjis/"/><!--自动产生-->
	</outer>
</root>